{
  "timestamp": "2025-11-20T18:09:42.822148",
  "cpu": {
    "percent": 50.6,
    "count": 8,
    "per_cpu": [
      51.5,
      37.5,
      40.0,
      31.2,
      50.8,
      43.1,
      60.0,
      54.7
    ]
  },
  "memory": {
    "total_gb": 7.2449798583984375,
    "available_gb": 0.595703125,
    "used_gb": 6.649219512939453,
    "percent": 91.8
  },
  "disk": {
    "total_gb": 475.96776962280273,
    "used_gb": 194.21299362182617,
    "free_gb": 281.75477600097656,
    "percent": 40.8
  }
}