{
  "timestamp": "2025-11-20T18:13:28.702892",
  "cpu": {
    "percent": 53.0,
    "count": 8,
    "per_cpu": [
      61.8,
      44.6,
      57.1,
      54.5,
      52.3,
      57.8,
      65.6,
      62.5
    ]
  },
  "memory": {
    "total_gb": 7.2449798583984375,
    "available_gb": 1.0260696411132812,
    "used_gb": 6.218910217285156,
    "percent": 85.8
  },
  "disk": {
    "total_gb": 475.96776962280273,
    "used_gb": 194.21841430664062,
    "free_gb": 281.7493553161621,
    "percent": 40.8
  }
}